model,split,accuracy,f1_score,roc_auc,true_negatives,true_positives,false_positives,false_negatives,precision,recall,true_negative_rate,false_negative_rate,false_positive_rate
longformer_noprompt,validation,0.7740112994350282,0.7468354430379747,0.853102655771195,78,59,10,30,0.855072463768116,0.6629213483146067,0.8863636363636364,0.33707865168539325,0.11363636363636363
longformer_noprompt,test,0.6966292134831461,0.6447368421052632,0.7159722222222222,75,49,13,41,0.7903225806451613,0.5444444444444444,0.8522727272727273,0.45555555555555555,0.14772727272727273
