model,split,accuracy,f1_score,roc_auc,true_negatives,true_positives,false_positives,false_negatives,precision,recall,true_negative_rate,false_negative_rate,false_positive_rate
longformer_prompt,validation,0.7457627118644068,0.6938775510204082,0.8490168539325843,81,51,7,38,0.8793103448275862,0.5730337078651685,0.9204545454545454,0.42696629213483145,0.07954545454545454
longformer_prompt,test,0.6966292134831461,0.6301369863013698,0.7256944444444443,78,46,10,44,0.8214285714285714,0.5111111111111111,0.8863636363636364,0.4888888888888889,0.11363636363636363
