model,split,accuracy,f1_score,roc_auc,true_negatives,true_positives,false_positives,false_negatives,precision,recall,true_negative_rate,false_negative_rate,false_positive_rate
longformer_noprompt,training,0.8483779971791255,0.8289578361177407,0.9337630429809118,682,521,23,192,0.9577205882352942,0.7307152875175316,0.9673758865248226,0.26928471248246844,0.032624113475177303
longformer_noprompt,validation,0.7627118644067796,0.7272727272727273,0.8460801838610827,79,56,9,33,0.8615384615384616,0.6292134831460674,0.8977272727272727,0.3707865168539326,0.10227272727272728
longformer_noprompt,test,0.6910112359550562,0.6405228758169934,0.7448232323232322,74,49,14,41,0.7777777777777778,0.5444444444444444,0.8409090909090909,0.45555555555555555,0.1590909090909091
