model,split,accuracy,f1_score,roc_auc,true_negatives,true_positives,false_positives,false_negatives,precision,recall,true_negative_rate,false_negative_rate,false_positive_rate
longformer_prompt,training,0.7947813822284908,0.8114063512637719,0.8986382580844101,501,626,204,87,0.7542168674698795,0.8779803646563815,0.7106382978723405,0.12201963534361851,0.28936170212765955
longformer_prompt,validation,0.751412429378531,0.7731958762886598,0.8434627170582227,58,75,30,14,0.7142857142857143,0.8426966292134831,0.6590909090909091,0.15730337078651685,0.3409090909090909
longformer_prompt,test,0.6629213483146067,0.6808510638297872,0.7453282828282829,54,64,34,26,0.6530612244897959,0.7111111111111111,0.6136363636363636,0.28888888888888886,0.38636363636363635
