model,split,accuracy,f1_score,roc_auc,true_positives,true_negatives,false_positives,false_negatives,precision,recall,true_negative_rate,false_negative_rate,false_positive_rate
BoW_log_reg,train,0.7934,0.7869,0.8664319178777118,541,584,121,172,0.8172205438066465,0.758765778401122,0.8283687943262411,0.24123422159887797,0.17163120567375886
BoW_log_reg,validation,0.7797,0.7665,0.8673391215526047,64,74,14,25,0.8205128205128205,0.7191011235955056,0.8409090909090909,0.2808988764044944,0.1590909090909091
BoW_log_reg,test,0.7022,0.6826,0.7463383838383839,57,68,20,33,0.7402597402597403,0.6333333333333333,0.7727272727272727,0.36666666666666664,0.22727272727272727
BoW_rf,train,0.7786,0.7711,0.8663185222762675,529,575,130,184,0.802731411229135,0.7419354838709677,0.8156028368794326,0.25806451612903225,0.18439716312056736
BoW_rf,validation,0.7627,0.7439,0.8506128702757917,61,74,14,28,0.8133333333333334,0.6853932584269663,0.8409090909090909,0.3146067415730337,0.1590909090909091
BoW_rf,test,0.6798,0.6503,0.7398989898989901,53,68,20,37,0.726027397260274,0.5888888888888889,0.7727272727272727,0.4111111111111111,0.22727272727272727
BoW_svc,train,0.8096,0.7861,0.9192593476768822,496,652,53,217,0.9034608378870674,0.6956521739130435,0.924822695035461,0.30434782608695654,0.075177304964539
BoW_svc,validation,0.7571,0.7152,0.8476123595505618,54,80,8,35,0.8709677419354839,0.6067415730337079,0.9090909090909091,0.39325842696629215,0.09090909090909091
BoW_svc,test,0.7135,0.6623,0.763510101010101,50,77,11,40,0.819672131147541,0.5555555555555556,0.875,0.4444444444444444,0.125
